family,feature_set_id,feature_set_label,features,target_id,target,target_title,model,model_label,validation,n,mae,rmse,r2
formulation,formulation,formulation only,"yp_pct,xanthan_pct",Gp1Hz,log10_Gp_1Hz,$G'$ at 1 Hz,GPR_Matern_ARD,GPR-Matern-ARD,Internal balanced 5-fold CV,30,0.12892868317307618,0.16329607036413737,0.9791600249991871
formulation,formulation,formulation only,"yp_pct,xanthan_pct",Gp1Hz,log10_Gp_1Hz,$G'$ at 1 Hz,GPR_Matern_ARD,GPR-Matern-ARD,External validation,8,0.14549827258172152,0.17028816637477917,0.9558954167131094
formulation,formulation,formulation only,"yp_pct,xanthan_pct",Gp1Hz,log10_Gp_1Hz,$G'$ at 1 Hz,KernelRidge_RBF,KRR-RBF,Internal balanced 5-fold CV,30,0.26452026934478556,0.3809157166390442,0.8866024921167094
formulation,formulation,formulation only,"yp_pct,xanthan_pct",Gp1Hz,log10_Gp_1Hz,$G'$ at 1 Hz,KernelRidge_RBF,KRR-RBF,External validation,8,0.13853502439923604,0.1675230689351915,0.9573161066840001
formulation,formulation,formulation only,"yp_pct,xanthan_pct",Gp1Hz,log10_Gp_1Hz,$G'$ at 1 Hz,SVR_RBF,SVR-RBF,Internal balanced 5-fold CV,30,0.16503696143830834,0.24621398849303877,0.9526226055210011
formulation,formulation,formulation only,"yp_pct,xanthan_pct",Gp1Hz,log10_Gp_1Hz,$G'$ at 1 Hz,SVR_RBF,SVR-RBF,External validation,8,0.17574449329040787,0.21576731256908122,0.9291913866612344
formulation,formulation,formulation only,"yp_pct,xanthan_pct",Gp1Hz,log10_Gp_1Hz,$G'$ at 1 Hz,Ridge,Ridge,Internal balanced 5-fold CV,30,0.47043500346277006,0.5703186772670114,0.7457968575501441
formulation,formulation,formulation only,"yp_pct,xanthan_pct",Gp1Hz,log10_Gp_1Hz,$G'$ at 1 Hz,Ridge,Ridge,External validation,8,0.22558600910397344,0.26863793768062705,0.8902386413089164
formulation,formulation,formulation only,"yp_pct,xanthan_pct",Gp1Hz,log10_Gp_1Hz,$G'$ at 1 Hz,XGBoost,XGBoost,Internal balanced 5-fold CV,30,0.17938356776174894,0.2245194929893487,0.9606038455206989
formulation,formulation,formulation only,"yp_pct,xanthan_pct",Gp1Hz,log10_Gp_1Hz,$G'$ at 1 Hz,XGBoost,XGBoost,External validation,8,0.41841163478237153,0.48615408255165204,0.6405299937951106
formulation,formulation,formulation only,"yp_pct,xanthan_pct",Gp1Hz,log10_Gp_1Hz,$G'$ at 1 Hz,ExtraTrees,Extra Trees,Internal balanced 5-fold CV,30,0.19646143198433777,0.2505837466476208,0.9509259927380175
formulation,formulation,formulation only,"yp_pct,xanthan_pct",Gp1Hz,log10_Gp_1Hz,$G'$ at 1 Hz,ExtraTrees,Extra Trees,External validation,8,0.17115082968820045,0.1971326131391879,0.9408939764439335
formulation,formulation,formulation only,"yp_pct,xanthan_pct",Gp1Hz,log10_Gp_1Hz,$G'$ at 1 Hz,RandomForest,Random forest,Internal balanced 5-fold CV,30,0.22673249006778864,0.2706965199858799,0.9427321246093487
formulation,formulation,formulation only,"yp_pct,xanthan_pct",Gp1Hz,log10_Gp_1Hz,$G'$ at 1 Hz,RandomForest,Random forest,External validation,8,0.40467693396136517,0.4870345322406964,0.6392267779586946
formulation,formulation,formulation only,"yp_pct,xanthan_pct",Gp1Hz,log10_Gp_1Hz,$G'$ at 1 Hz,GradientBoosting,Gradient boosting,Internal balanced 5-fold CV,30,0.1395865464083655,0.17035060459971604,0.9773205204226636
formulation,formulation,formulation only,"yp_pct,xanthan_pct",Gp1Hz,log10_Gp_1Hz,$G'$ at 1 Hz,GradientBoosting,Gradient boosting,External validation,8,0.41337043243157323,0.46911116812355774,0.6652918175504252
formulation,formulation,formulation only,"yp_pct,xanthan_pct",eta50,log10_eta_50,$\eta_{50}$,GPR_Matern_ARD,GPR-Matern-ARD,Internal balanced 5-fold CV,30,0.035745637937639456,0.044968589134601826,0.9924907099819982
formulation,formulation,formulation only,"yp_pct,xanthan_pct",eta50,log10_eta_50,$\eta_{50}$,GPR_Matern_ARD,GPR-Matern-ARD,External validation,8,0.0865101195991636,0.09523974072988074,0.942010501704486
formulation,formulation,formulation only,"yp_pct,xanthan_pct",eta50,log10_eta_50,$\eta_{50}$,KernelRidge_RBF,KRR-RBF,Internal balanced 5-fold CV,30,0.14466604442810121,0.22130743875119263,0.8181252633029658
formulation,formulation,formulation only,"yp_pct,xanthan_pct",eta50,log10_eta_50,$\eta_{50}$,KernelRidge_RBF,KRR-RBF,External validation,8,0.07442669985147793,0.0894515277702478,0.9488449554387017
formulation,formulation,formulation only,"yp_pct,xanthan_pct",eta50,log10_eta_50,$\eta_{50}$,SVR_RBF,SVR-RBF,Internal balanced 5-fold CV,30,0.07664874954526003,0.10045668568517581,0.9625253103568572
formulation,formulation,formulation only,"yp_pct,xanthan_pct",eta50,log10_eta_50,$\eta_{50}$,SVR_RBF,SVR-RBF,External validation,8,0.09179376729705241,0.10821683872477794,0.9251308972497903
formulation,formulation,formulation only,"yp_pct,xanthan_pct",eta50,log10_eta_50,$\eta_{50}$,Ridge,Ridge,Internal balanced 5-fold CV,30,0.12499666727544857,0.1526086773697958,0.9135153941598296
formulation,formulation,formulation only,"yp_pct,xanthan_pct",eta50,log10_eta_50,$\eta_{50}$,Ridge,Ridge,External validation,8,0.08071926155659154,0.1093439404871744,0.9235632199239177
formulation,formulation,formulation only,"yp_pct,xanthan_pct",eta50,log10_eta_50,$\eta_{50}$,XGBoost,XGBoost,Internal balanced 5-fold CV,30,0.07332809070017972,0.08813909366058549,0.9711518801124491
formulation,formulation,formulation only,"yp_pct,xanthan_pct",eta50,log10_eta_50,$\eta_{50}$,XGBoost,XGBoost,External validation,8,0.20727034637389224,0.22809555339649173,0.6673813622821854
formulation,formulation,formulation only,"yp_pct,xanthan_pct",eta50,log10_eta_50,$\eta_{50}$,ExtraTrees,Extra Trees,Internal balanced 5-fold CV,30,0.13265143958330322,0.15727828211055422,0.908141813457534
formulation,formulation,formulation only,"yp_pct,xanthan_pct",eta50,log10_eta_50,$\eta_{50}$,ExtraTrees,Extra Trees,External validation,8,0.07741834782185841,0.09436789484901417,0.943067339861595
formulation,formulation,formulation only,"yp_pct,xanthan_pct",eta50,log10_eta_50,$\eta_{50}$,RandomForest,Random forest,Internal balanced 5-fold CV,30,0.14898483241831795,0.1741643252113715,0.8873584140517572
formulation,formulation,formulation only,"yp_pct,xanthan_pct",eta50,log10_eta_50,$\eta_{50}$,RandomForest,Random forest,External validation,8,0.19806863443322073,0.2163294993192743,0.700811819410395
formulation,formulation,formulation only,"yp_pct,xanthan_pct",eta50,log10_eta_50,$\eta_{50}$,GradientBoosting,Gradient boosting,Internal balanced 5-fold CV,30,0.0839373222528746,0.09650450649066886,0.9654159745674403
formulation,formulation,formulation only,"yp_pct,xanthan_pct",eta50,log10_eta_50,$\eta_{50}$,GradientBoosting,Gradient boosting,External validation,8,0.21280494196542468,0.2292582708259208,0.663981671325362
formulation,formulation,formulation only,"yp_pct,xanthan_pct",break_stress,log10_break_stress_Pa,Breaking stress,GPR_Matern_ARD,GPR-Matern-ARD,Internal balanced 5-fold CV,30,0.07353809284076399,0.09777318877729065,0.9683242260187493
formulation,formulation,formulation only,"yp_pct,xanthan_pct",break_stress,log10_break_stress_Pa,Breaking stress,GPR_Matern_ARD,GPR-Matern-ARD,External validation,8,0.08332810270678359,0.12569833051330717,0.8713983132585426
formulation,formulation,formulation only,"yp_pct,xanthan_pct",break_stress,log10_break_stress_Pa,Breaking stress,KernelRidge_RBF,KRR-RBF,Internal balanced 5-fold CV,30,0.14371950249476478,0.2048798544112016,0.8609131119935162
formulation,formulation,formulation only,"yp_pct,xanthan_pct",break_stress,log10_break_stress_Pa,Breaking stress,KernelRidge_RBF,KRR-RBF,External validation,8,0.07455650880565579,0.12787197173889978,0.8669121621661766
formulation,formulation,formulation only,"yp_pct,xanthan_pct",break_stress,log10_break_stress_Pa,Breaking stress,SVR_RBF,SVR-RBF,Internal balanced 5-fold CV,30,0.07756255932347854,0.11750420225931373,0.9542496444832697
formulation,formulation,formulation only,"yp_pct,xanthan_pct",break_stress,log10_break_stress_Pa,Breaking stress,SVR_RBF,SVR-RBF,External validation,8,0.08535562133022545,0.12066142799132683,0.8814983036718125
formulation,formulation,formulation only,"yp_pct,xanthan_pct",break_stress,log10_break_stress_Pa,Breaking stress,Ridge,Ridge,Internal balanced 5-fold CV,30,0.22680522732833186,0.31298452767993973,0.6754112868817674
formulation,formulation,formulation only,"yp_pct,xanthan_pct",break_stress,log10_break_stress_Pa,Breaking stress,Ridge,Ridge,External validation,8,0.13069136768426903,0.17003360556930902,0.7646809025464453
formulation,formulation,formulation only,"yp_pct,xanthan_pct",break_stress,log10_break_stress_Pa,Breaking stress,XGBoost,XGBoost,Internal balanced 5-fold CV,30,0.16789859141072933,0.227029034097183,0.829214703007015
formulation,formulation,formulation only,"yp_pct,xanthan_pct",break_stress,log10_break_stress_Pa,Breaking stress,XGBoost,XGBoost,External validation,8,0.18970584394525344,0.2584048967722441,0.45651304518502067
formulation,formulation,formulation only,"yp_pct,xanthan_pct",break_stress,log10_break_stress_Pa,Breaking stress,ExtraTrees,Extra Trees,Internal balanced 5-fold CV,30,0.12476067422380378,0.17774752427679255,0.8953125075630409
formulation,formulation,formulation only,"yp_pct,xanthan_pct",break_stress,log10_break_stress_Pa,Breaking stress,ExtraTrees,Extra Trees,External validation,8,0.08952943175437852,0.12063704832968573,0.8815461854090643
formulation,formulation,formulation only,"yp_pct,xanthan_pct",break_stress,log10_break_stress_Pa,Breaking stress,RandomForest,Random forest,Internal balanced 5-fold CV,30,0.13862456646363375,0.17792911531141084,0.8950984959099431
formulation,formulation,formulation only,"yp_pct,xanthan_pct",break_stress,log10_break_stress_Pa,Breaking stress,RandomForest,Random forest,External validation,8,0.16253531050771342,0.2561394732718644,0.466000721893727
formulation,formulation,formulation only,"yp_pct,xanthan_pct",break_stress,log10_break_stress_Pa,Breaking stress,GradientBoosting,Gradient boosting,Internal balanced 5-fold CV,30,0.10356023569778909,0.14215263361771716,0.9330427672270932
formulation,formulation,formulation only,"yp_pct,xanthan_pct",break_stress,log10_break_stress_Pa,Breaking stress,GradientBoosting,Gradient boosting,External validation,8,0.16316422138759673,0.23871576188675267,0.5361796100530553
formulation,formulation,formulation only,"yp_pct,xanthan_pct",break_strain,break_strain_pct,Breaking strain,GPR_Matern_ARD,GPR-Matern-ARD,Internal balanced 5-fold CV,30,9.733756774303242,11.728922648682799,0.9083568597912737
formulation,formulation,formulation only,"yp_pct,xanthan_pct",break_strain,break_strain_pct,Breaking strain,GPR_Matern_ARD,GPR-Matern-ARD,External validation,8,23.109610212409294,25.608993485259607,-0.3198134609397816
formulation,formulation,formulation only,"yp_pct,xanthan_pct",break_strain,break_strain_pct,Breaking strain,KernelRidge_RBF,KRR-RBF,Internal balanced 5-fold CV,30,11.053818872738086,14.40045314564672,0.8618547251729999
formulation,formulation,formulation only,"yp_pct,xanthan_pct",break_strain,break_strain_pct,Breaking strain,KernelRidge_RBF,KRR-RBF,External validation,8,24.589877529482074,28.10303670040175,-0.5894030250463034
formulation,formulation,formulation only,"yp_pct,xanthan_pct",break_strain,break_strain_pct,Breaking strain,SVR_RBF,SVR-RBF,Internal balanced 5-fold CV,30,20.252202511528232,24.6978761821963,0.5936475000739863
formulation,formulation,formulation only,"yp_pct,xanthan_pct",break_strain,break_strain_pct,Breaking strain,SVR_RBF,SVR-RBF,External validation,8,18.050341385993597,20.38243762320815,0.16393551022892094
formulation,formulation,formulation only,"yp_pct,xanthan_pct",break_strain,break_strain_pct,Breaking strain,Ridge,Ridge,Internal balanced 5-fold CV,30,11.39741969730525,13.646746016348125,0.8759370980504553
formulation,formulation,formulation only,"yp_pct,xanthan_pct",break_strain,break_strain_pct,Breaking strain,Ridge,Ridge,External validation,8,19.65830403127061,22.220601666745953,0.006336899985837641
formulation,formulation,formulation only,"yp_pct,xanthan_pct",break_strain,break_strain_pct,Breaking strain,XGBoost,XGBoost,Internal balanced 5-fold CV,30,8.437555271911622,11.237784709086235,0.9158711149549073
formulation,formulation,formulation only,"yp_pct,xanthan_pct",break_strain,break_strain_pct,Breaking strain,XGBoost,XGBoost,External validation,8,30.454635734558106,35.881500068511556,-1.5910077741415276
formulation,formulation,formulation only,"yp_pct,xanthan_pct",break_strain,break_strain_pct,Breaking strain,ExtraTrees,Extra Trees,Internal balanced 5-fold CV,30,9.119274976851797,10.951540932455938,0.920102318080267
formulation,formulation,formulation only,"yp_pct,xanthan_pct",break_strain,break_strain_pct,Breaking strain,ExtraTrees,Extra Trees,External validation,8,20.049223302083476,22.144832879838813,0.013101819094251121
formulation,formulation,formulation only,"yp_pct,xanthan_pct",break_strain,break_strain_pct,Breaking strain,RandomForest,Random forest,Internal balanced 5-fold CV,30,9.600889919430402,11.519160383107607,0.9116054746840798
formulation,formulation,formulation only,"yp_pct,xanthan_pct",break_strain,break_strain_pct,Breaking strain,RandomForest,Random forest,External validation,8,28.4083979769496,33.514085310658686,-1.2603842670982695
formulation,formulation,formulation only,"yp_pct,xanthan_pct",break_strain,break_strain_pct,Breaking strain,GradientBoosting,Gradient boosting,Internal balanced 5-fold CV,30,9.620292468465474,11.364240834319293,0.9139670973939721
formulation,formulation,formulation only,"yp_pct,xanthan_pct",break_strain,break_strain_pct,Breaking strain,GradientBoosting,Gradient boosting,External validation,8,31.851223194012633,38.21628947902873,-1.939169079154262
laos,formulation,formulation,"yp_pct,xanthan_pct",break_stress,log10_break_stress_Pa,LAOS breaking stress,GPR_Matern_ARD,GPR-Matern-ARD,Internal balanced 5-fold CV,30,0.07353809284076399,0.09777318877729065,0.9683242260187493
laos,formulation,formulation,"yp_pct,xanthan_pct",break_stress,log10_break_stress_Pa,LAOS breaking stress,GPR_Matern_ARD,GPR-Matern-ARD,External validation,8,0.08332810270678359,0.12569833051330717,0.8713983132585426
laos,formulation,formulation,"yp_pct,xanthan_pct",break_stress,log10_break_stress_Pa,LAOS breaking stress,KernelRidge_RBF,KRR-RBF,Internal balanced 5-fold CV,30,0.14371950249476478,0.2048798544112016,0.8609131119935162
laos,formulation,formulation,"yp_pct,xanthan_pct",break_stress,log10_break_stress_Pa,LAOS breaking stress,KernelRidge_RBF,KRR-RBF,External validation,8,0.07455650880565579,0.12787197173889978,0.8669121621661766
laos,formulation,formulation,"yp_pct,xanthan_pct",break_stress,log10_break_stress_Pa,LAOS breaking stress,SVR_RBF,SVR-RBF,Internal balanced 5-fold CV,30,0.07756255932347854,0.11750420225931373,0.9542496444832697
laos,formulation,formulation,"yp_pct,xanthan_pct",break_stress,log10_break_stress_Pa,LAOS breaking stress,SVR_RBF,SVR-RBF,External validation,8,0.08535562133022545,0.12066142799132683,0.8814983036718125
laos,formulation,formulation,"yp_pct,xanthan_pct",break_stress,log10_break_stress_Pa,LAOS breaking stress,Ridge,Ridge,Internal balanced 5-fold CV,30,0.22680522732833186,0.31298452767993973,0.6754112868817674
laos,formulation,formulation,"yp_pct,xanthan_pct",break_stress,log10_break_stress_Pa,LAOS breaking stress,Ridge,Ridge,External validation,8,0.13069136768426903,0.17003360556930902,0.7646809025464453
laos,formulation,formulation,"yp_pct,xanthan_pct",break_stress,log10_break_stress_Pa,LAOS breaking stress,XGBoost,XGBoost,Internal balanced 5-fold CV,30,0.16789859141072933,0.227029034097183,0.829214703007015
laos,formulation,formulation,"yp_pct,xanthan_pct",break_stress,log10_break_stress_Pa,LAOS breaking stress,XGBoost,XGBoost,External validation,8,0.18970584394525344,0.2584048967722441,0.45651304518502067
laos,formulation,formulation,"yp_pct,xanthan_pct",break_stress,log10_break_stress_Pa,LAOS breaking stress,ExtraTrees,Extra Trees,Internal balanced 5-fold CV,30,0.12476067422380378,0.17774752427679255,0.8953125075630409
laos,formulation,formulation,"yp_pct,xanthan_pct",break_stress,log10_break_stress_Pa,LAOS breaking stress,ExtraTrees,Extra Trees,External validation,8,0.08952943175437852,0.12063704832968573,0.8815461854090643
laos,formulation,formulation,"yp_pct,xanthan_pct",break_stress,log10_break_stress_Pa,LAOS breaking stress,RandomForest,Random forest,Internal balanced 5-fold CV,30,0.13862456646363375,0.17792911531141084,0.8950984959099431
laos,formulation,formulation,"yp_pct,xanthan_pct",break_stress,log10_break_stress_Pa,LAOS breaking stress,RandomForest,Random forest,External validation,8,0.16253531050771342,0.2561394732718644,0.466000721893727
laos,formulation,formulation,"yp_pct,xanthan_pct",break_stress,log10_break_stress_Pa,LAOS breaking stress,GradientBoosting,Gradient boosting,Internal balanced 5-fold CV,30,0.10356023569778909,0.14215263361771716,0.9330427672270932
laos,formulation,formulation,"yp_pct,xanthan_pct",break_stress,log10_break_stress_Pa,LAOS breaking stress,GradientBoosting,Gradient boosting,External validation,8,0.16316422138759673,0.23871576188675267,0.5361796100530553
laos,formulation,formulation,"yp_pct,xanthan_pct",break_strain,break_strain_pct,LAOS breaking strain,GPR_Matern_ARD,GPR-Matern-ARD,Internal balanced 5-fold CV,30,9.733756774303242,11.728922648682799,0.9083568597912737
laos,formulation,formulation,"yp_pct,xanthan_pct",break_strain,break_strain_pct,LAOS breaking strain,GPR_Matern_ARD,GPR-Matern-ARD,External validation,8,23.109610212409294,25.608993485259607,-0.3198134609397816
laos,formulation,formulation,"yp_pct,xanthan_pct",break_strain,break_strain_pct,LAOS breaking strain,KernelRidge_RBF,KRR-RBF,Internal balanced 5-fold CV,30,11.053818872738086,14.40045314564672,0.8618547251729999
laos,formulation,formulation,"yp_pct,xanthan_pct",break_strain,break_strain_pct,LAOS breaking strain,KernelRidge_RBF,KRR-RBF,External validation,8,24.589877529482074,28.10303670040175,-0.5894030250463034
laos,formulation,formulation,"yp_pct,xanthan_pct",break_strain,break_strain_pct,LAOS breaking strain,SVR_RBF,SVR-RBF,Internal balanced 5-fold CV,30,20.252202511528232,24.6978761821963,0.5936475000739863
laos,formulation,formulation,"yp_pct,xanthan_pct",break_strain,break_strain_pct,LAOS breaking strain,SVR_RBF,SVR-RBF,External validation,8,18.050341385993597,20.38243762320815,0.16393551022892094
laos,formulation,formulation,"yp_pct,xanthan_pct",break_strain,break_strain_pct,LAOS breaking strain,Ridge,Ridge,Internal balanced 5-fold CV,30,11.39741969730525,13.646746016348125,0.8759370980504553
laos,formulation,formulation,"yp_pct,xanthan_pct",break_strain,break_strain_pct,LAOS breaking strain,Ridge,Ridge,External validation,8,19.65830403127061,22.220601666745953,0.006336899985837641
laos,formulation,formulation,"yp_pct,xanthan_pct",break_strain,break_strain_pct,LAOS breaking strain,XGBoost,XGBoost,Internal balanced 5-fold CV,30,8.437555271911622,11.237784709086235,0.9158711149549073
laos,formulation,formulation,"yp_pct,xanthan_pct",break_strain,break_strain_pct,LAOS breaking strain,XGBoost,XGBoost,External validation,8,30.454635734558106,35.881500068511556,-1.5910077741415276
laos,formulation,formulation,"yp_pct,xanthan_pct",break_strain,break_strain_pct,LAOS breaking strain,ExtraTrees,Extra Trees,Internal balanced 5-fold CV,30,9.119274976851797,10.951540932455938,0.920102318080267
laos,formulation,formulation,"yp_pct,xanthan_pct",break_strain,break_strain_pct,LAOS breaking strain,ExtraTrees,Extra Trees,External validation,8,20.049223302083476,22.144832879838813,0.013101819094251121
laos,formulation,formulation,"yp_pct,xanthan_pct",break_strain,break_strain_pct,LAOS breaking strain,RandomForest,Random forest,Internal balanced 5-fold CV,30,9.600889919430402,11.519160383107607,0.9116054746840798
laos,formulation,formulation,"yp_pct,xanthan_pct",break_strain,break_strain_pct,LAOS breaking strain,RandomForest,Random forest,External validation,8,28.4083979769496,33.514085310658686,-1.2603842670982695
laos,formulation,formulation,"yp_pct,xanthan_pct",break_strain,break_strain_pct,LAOS breaking strain,GradientBoosting,Gradient boosting,Internal balanced 5-fold CV,30,9.620292468465474,11.364240834319293,0.9139670973939721
laos,formulation,formulation,"yp_pct,xanthan_pct",break_strain,break_strain_pct,LAOS breaking strain,GradientBoosting,Gradient boosting,External validation,8,31.851223194012633,38.21628947902873,-1.939169079154262
laos,formulation_Gp1Hz,formulation + $G'$ 1 Hz,"yp_pct,xanthan_pct,log10_Gp_1Hz",break_stress,log10_break_stress_Pa,LAOS breaking stress,GPR_Matern_ARD,GPR-Matern-ARD,Internal balanced 5-fold CV,30,0.039999936639483515,0.049744488391592095,0.9918006842015237
laos,formulation_Gp1Hz,formulation + $G'$ 1 Hz,"yp_pct,xanthan_pct,log10_Gp_1Hz",break_stress,log10_break_stress_Pa,LAOS breaking stress,GPR_Matern_ARD,GPR-Matern-ARD,External validation,8,0.08934127380246754,0.14987098258606105,0.8171803997395296
laos,formulation_Gp1Hz,formulation + $G'$ 1 Hz,"yp_pct,xanthan_pct,log10_Gp_1Hz",break_stress,log10_break_stress_Pa,LAOS breaking stress,KernelRidge_RBF,KRR-RBF,Internal balanced 5-fold CV,30,0.07746899289444971,0.13166377734919024,0.9425592241113749
laos,formulation_Gp1Hz,formulation + $G'$ 1 Hz,"yp_pct,xanthan_pct,log10_Gp_1Hz",break_stress,log10_break_stress_Pa,LAOS breaking stress,KernelRidge_RBF,KRR-RBF,External validation,8,0.08683957078526286,0.16926847582251672,0.7667939500293475
laos,formulation_Gp1Hz,formulation + $G'$ 1 Hz,"yp_pct,xanthan_pct,log10_Gp_1Hz",break_stress,log10_break_stress_Pa,LAOS breaking stress,SVR_RBF,SVR-RBF,Internal balanced 5-fold CV,30,0.04457574606305119,0.0595585130124833,0.9882462792336695
laos,formulation_Gp1Hz,formulation + $G'$ 1 Hz,"yp_pct,xanthan_pct,log10_Gp_1Hz",break_stress,log10_break_stress_Pa,LAOS breaking stress,SVR_RBF,SVR-RBF,External validation,8,0.08686622689550488,0.15261495061365285,0.810424676097586
laos,formulation_Gp1Hz,formulation + $G'$ 1 Hz,"yp_pct,xanthan_pct,log10_Gp_1Hz",break_stress,log10_break_stress_Pa,LAOS breaking stress,Ridge,Ridge,Internal balanced 5-fold CV,30,0.0877027262095559,0.12260959586983249,0.9501876996159946
laos,formulation_Gp1Hz,formulation + $G'$ 1 Hz,"yp_pct,xanthan_pct,log10_Gp_1Hz",break_stress,log10_break_stress_Pa,LAOS breaking stress,Ridge,Ridge,External validation,8,0.10644018610058323,0.16747804103248062,0.7717013252547696
laos,formulation_Gp1Hz,formulation + $G'$ 1 Hz,"yp_pct,xanthan_pct,log10_Gp_1Hz",break_stress,log10_break_stress_Pa,LAOS breaking stress,XGBoost,XGBoost,Internal balanced 5-fold CV,30,0.09679574746403194,0.11836408063340093,0.953577605836806
laos,formulation_Gp1Hz,formulation + $G'$ 1 Hz,"yp_pct,xanthan_pct,log10_Gp_1Hz",break_stress,log10_break_stress_Pa,LAOS breaking stress,XGBoost,XGBoost,External validation,8,0.0825312869234672,0.11433017755238396,0.893607895003944
laos,formulation_Gp1Hz,formulation + $G'$ 1 Hz,"yp_pct,xanthan_pct,log10_Gp_1Hz",break_stress,log10_break_stress_Pa,LAOS breaking stress,ExtraTrees,Extra Trees,Internal balanced 5-fold CV,30,0.07777306299490241,0.09966979098655078,0.9670834150464543
laos,formulation_Gp1Hz,formulation + $G'$ 1 Hz,"yp_pct,xanthan_pct,log10_Gp_1Hz",break_stress,log10_break_stress_Pa,LAOS breaking stress,ExtraTrees,Extra Trees,External validation,8,0.0967785279488883,0.1519286910892553,0.8121257593440827
laos,formulation_Gp1Hz,formulation + $G'$ 1 Hz,"yp_pct,xanthan_pct,log10_Gp_1Hz",break_stress,log10_break_stress_Pa,LAOS breaking stress,RandomForest,Random forest,Internal balanced 5-fold CV,30,0.10707108622173354,0.13566621266055148,0.9390138695033166
laos,formulation_Gp1Hz,formulation + $G'$ 1 Hz,"yp_pct,xanthan_pct,log10_Gp_1Hz",break_stress,log10_break_stress_Pa,LAOS breaking stress,RandomForest,Random forest,External validation,8,0.09133816818105758,0.13914291331417505,0.8424168309289988
laos,formulation_Gp1Hz,formulation + $G'$ 1 Hz,"yp_pct,xanthan_pct,log10_Gp_1Hz",break_stress,log10_break_stress_Pa,LAOS breaking stress,GradientBoosting,Gradient boosting,Internal balanced 5-fold CV,30,0.07415038575814316,0.08946417995941594,0.9734792349922755
laos,formulation_Gp1Hz,formulation + $G'$ 1 Hz,"yp_pct,xanthan_pct,log10_Gp_1Hz",break_stress,log10_break_stress_Pa,LAOS breaking stress,GradientBoosting,Gradient boosting,External validation,8,0.09699728021185311,0.15234798652913026,0.8110873311991551
laos,formulation_Gp1Hz,formulation + $G'$ 1 Hz,"yp_pct,xanthan_pct,log10_Gp_1Hz",break_strain,break_strain_pct,LAOS breaking strain,GPR_Matern_ARD,GPR-Matern-ARD,Internal balanced 5-fold CV,30,10.206367640860956,11.602304880975163,0.91032481839794
laos,formulation_Gp1Hz,formulation + $G'$ 1 Hz,"yp_pct,xanthan_pct,log10_Gp_1Hz",break_strain,break_strain_pct,LAOS breaking strain,GPR_Matern_ARD,GPR-Matern-ARD,External validation,8,14.98177599193916,17.457259479799024,0.38669053289442057
laos,formulation_Gp1Hz,formulation + $G'$ 1 Hz,"yp_pct,xanthan_pct,log10_Gp_1Hz",break_strain,break_strain_pct,LAOS breaking strain,KernelRidge_RBF,KRR-RBF,Internal balanced 5-fold CV,30,10.583207655762061,13.609422465932354,0.8766147886671093
laos,formulation_Gp1Hz,formulation + $G'$ 1 Hz,"yp_pct,xanthan_pct,log10_Gp_1Hz",break_strain,break_strain_pct,LAOS breaking strain,KernelRidge_RBF,KRR-RBF,External validation,8,21.548500604086733,23.334150222363096,-0.09575008525310169
laos,formulation_Gp1Hz,formulation + $G'$ 1 Hz,"yp_pct,xanthan_pct,log10_Gp_1Hz",break_strain,break_strain_pct,LAOS breaking strain,SVR_RBF,SVR-RBF,Internal balanced 5-fold CV,30,18.565789018225136,23.93361825198349,0.6184069668369796
laos,formulation_Gp1Hz,formulation + $G'$ 1 Hz,"yp_pct,xanthan_pct,log10_Gp_1Hz",break_strain,break_strain_pct,LAOS breaking strain,SVR_RBF,SVR-RBF,External validation,8,15.949413800604392,17.66203107457031,0.37221805213357384
laos,formulation_Gp1Hz,formulation + $G'$ 1 Hz,"yp_pct,xanthan_pct,log10_Gp_1Hz",break_strain,break_strain_pct,LAOS breaking strain,Ridge,Ridge,Internal balanced 5-fold CV,30,11.548628944666039,13.93075253550558,0.8707195447138482
laos,formulation_Gp1Hz,formulation + $G'$ 1 Hz,"yp_pct,xanthan_pct,log10_Gp_1Hz",break_strain,break_strain_pct,LAOS breaking strain,Ridge,Ridge,External validation,8,19.67725601875151,22.116223827879953,0.01565013214792954
laos,formulation_Gp1Hz,formulation + $G'$ 1 Hz,"yp_pct,xanthan_pct,log10_Gp_1Hz",break_strain,break_strain_pct,LAOS breaking strain,XGBoost,XGBoost,Internal balanced 5-fold CV,30,9.385510060119628,12.143069747660036,0.90177077968308
laos,formulation_Gp1Hz,formulation + $G'$ 1 Hz,"yp_pct,xanthan_pct,log10_Gp_1Hz",break_strain,break_strain_pct,LAOS breaking strain,XGBoost,XGBoost,External validation,8,28.860331411361695,34.46199871353506,-1.3900580976916213
laos,formulation_Gp1Hz,formulation + $G'$ 1 Hz,"yp_pct,xanthan_pct,log10_Gp_1Hz",break_strain,break_strain_pct,LAOS breaking strain,ExtraTrees,Extra Trees,Internal balanced 5-fold CV,30,9.22307690634111,11.009600013310731,0.9192529248932141
laos,formulation_Gp1Hz,formulation + $G'$ 1 Hz,"yp_pct,xanthan_pct,log10_Gp_1Hz",break_strain,break_strain_pct,LAOS breaking strain,ExtraTrees,Extra Trees,External validation,8,19.294298052083363,21.586837901232588,0.06221000541403188
laos,formulation_Gp1Hz,formulation + $G'$ 1 Hz,"yp_pct,xanthan_pct,log10_Gp_1Hz",break_strain,break_strain_pct,LAOS breaking strain,RandomForest,Random forest,Internal balanced 5-fold CV,30,10.358367351198467,12.892104806922548,0.889278649905501
laos,formulation_Gp1Hz,formulation + $G'$ 1 Hz,"yp_pct,xanthan_pct,log10_Gp_1Hz",break_strain,break_strain_pct,LAOS breaking strain,RandomForest,Random forest,External validation,8,27.37266799116918,32.49453845430995,-1.1249478668587574
laos,formulation_Gp1Hz,formulation + $G'$ 1 Hz,"yp_pct,xanthan_pct,log10_Gp_1Hz",break_strain,break_strain_pct,LAOS breaking strain,GradientBoosting,Gradient boosting,Internal balanced 5-fold CV,30,9.543390644410625,12.860934067509687,0.8898134103870627
laos,formulation_Gp1Hz,formulation + $G'$ 1 Hz,"yp_pct,xanthan_pct,log10_Gp_1Hz",break_strain,break_strain_pct,LAOS breaking strain,GradientBoosting,Gradient boosting,External validation,8,26.690261555712393,33.28023927580758,-1.228950451062059
laos,formulation_eta50,formulation + $\eta_{50}$,"yp_pct,xanthan_pct,log10_eta_50",break_stress,log10_break_stress_Pa,LAOS breaking stress,GPR_Matern_ARD,GPR-Matern-ARD,Internal balanced 5-fold CV,30,0.05339854940187334,0.07803518793164715,0.9798224404519318
laos,formulation_eta50,formulation + $\eta_{50}$,"yp_pct,xanthan_pct,log10_eta_50",break_stress,log10_break_stress_Pa,LAOS breaking stress,GPR_Matern_ARD,GPR-Matern-ARD,External validation,8,0.12137976359198377,0.17595093583144267,0.7480172519879598
laos,formulation_eta50,formulation + $\eta_{50}$,"yp_pct,xanthan_pct,log10_eta_50",break_stress,log10_break_stress_Pa,LAOS breaking stress,KernelRidge_RBF,KRR-RBF,Internal balanced 5-fold CV,30,0.11081376045355837,0.15969474769760153,0.9154976198781006
laos,formulation_eta50,formulation + $\eta_{50}$,"yp_pct,xanthan_pct,log10_eta_50",break_stress,log10_break_stress_Pa,LAOS breaking stress,KernelRidge_RBF,KRR-RBF,External validation,8,0.07097949276721521,0.12486352953188487,0.8731008071449855
laos,formulation_eta50,formulation + $\eta_{50}$,"yp_pct,xanthan_pct,log10_eta_50",break_stress,log10_break_stress_Pa,LAOS breaking stress,SVR_RBF,SVR-RBF,Internal balanced 5-fold CV,30,0.061809715257180736,0.07455750992844735,0.9815808126008468
laos,formulation_eta50,formulation + $\eta_{50}$,"yp_pct,xanthan_pct,log10_eta_50",break_stress,log10_break_stress_Pa,LAOS breaking stress,SVR_RBF,SVR-RBF,External validation,8,0.06591212338031707,0.10406325059654763,0.9118580973291042
laos,formulation_eta50,formulation + $\eta_{50}$,"yp_pct,xanthan_pct,log10_eta_50",break_stress,log10_break_stress_Pa,LAOS breaking stress,Ridge,Ridge,Internal balanced 5-fold CV,30,0.1307306459519042,0.19942953000046792,0.8682148097356697
laos,formulation_eta50,formulation + $\eta_{50}$,"yp_pct,xanthan_pct,log10_eta_50",break_stress,log10_break_stress_Pa,LAOS breaking stress,Ridge,Ridge,External validation,8,0.1098458570513409,0.1392612745937196,0.8421486221055342
laos,formulation_eta50,formulation + $\eta_{50}$,"yp_pct,xanthan_pct,log10_eta_50",break_stress,log10_break_stress_Pa,LAOS breaking stress,XGBoost,XGBoost,Internal balanced 5-fold CV,30,0.10840263187896983,0.1421247778863995,0.9330690060648134
laos,formulation_eta50,formulation + $\eta_{50}$,"yp_pct,xanthan_pct,log10_eta_50",break_stress,log10_break_stress_Pa,LAOS breaking stress,XGBoost,XGBoost,External validation,8,0.11932475730615763,0.18195686130984243,0.7305212530111904
laos,formulation_eta50,formulation + $\eta_{50}$,"yp_pct,xanthan_pct,log10_eta_50",break_stress,log10_break_stress_Pa,LAOS breaking stress,ExtraTrees,Extra Trees,Internal balanced 5-fold CV,30,0.08591995358666082,0.12105295007467995,0.9514444998618375
laos,formulation_eta50,formulation + $\eta_{50}$,"yp_pct,xanthan_pct,log10_eta_50",break_stress,log10_break_stress_Pa,LAOS breaking stress,ExtraTrees,Extra Trees,External validation,8,0.07695002518166341,0.14332715997388112,0.8327967801057838
laos,formulation_eta50,formulation + $\eta_{50}$,"yp_pct,xanthan_pct,log10_eta_50",break_stress,log10_break_stress_Pa,LAOS breaking stress,RandomForest,Random forest,Internal balanced 5-fold CV,30,0.12423301159321735,0.15719456322773895,0.9181228496436535
laos,formulation_eta50,formulation + $\eta_{50}$,"yp_pct,xanthan_pct,log10_eta_50",break_stress,log10_break_stress_Pa,LAOS breaking stress,RandomForest,Random forest,External validation,8,0.07446561224021825,0.10252162542255763,0.9144502761807745
laos,formulation_eta50,formulation + $\eta_{50}$,"yp_pct,xanthan_pct,log10_eta_50",break_stress,log10_break_stress_Pa,LAOS breaking stress,GradientBoosting,Gradient boosting,Internal balanced 5-fold CV,30,0.08400057306140588,0.11378582537193199,0.9570993369304509
laos,formulation_eta50,formulation + $\eta_{50}$,"yp_pct,xanthan_pct,log10_eta_50",break_stress,log10_break_stress_Pa,LAOS breaking stress,GradientBoosting,Gradient boosting,External validation,8,0.05027084207563247,0.06410034272170381,0.9665567597453116
laos,formulation_eta50,formulation + $\eta_{50}$,"yp_pct,xanthan_pct,log10_eta_50",break_strain,break_strain_pct,LAOS breaking strain,GPR_Matern_ARD,GPR-Matern-ARD,Internal balanced 5-fold CV,30,10.06671275202084,12.003231354640285,0.9040201489356083
laos,formulation_eta50,formulation + $\eta_{50}$,"yp_pct,xanthan_pct,log10_eta_50",break_strain,break_strain_pct,LAOS breaking strain,GPR_Matern_ARD,GPR-Matern-ARD,External validation,8,23.108161845463155,25.607406102791554,-0.31964984780761885
laos,formulation_eta50,formulation + $\eta_{50}$,"yp_pct,xanthan_pct,log10_eta_50",break_strain,break_strain_pct,LAOS breaking strain,KernelRidge_RBF,KRR-RBF,Internal balanced 5-fold CV,30,9.685223468952211,12.446486136346115,0.8968005845726321
laos,formulation_eta50,formulation + $\eta_{50}$,"yp_pct,xanthan_pct,log10_eta_50",break_strain,break_strain_pct,LAOS breaking strain,KernelRidge_RBF,KRR-RBF,External validation,8,19.668134997273686,22.576091992566067,-0.02571112581410051
laos,formulation_eta50,formulation + $\eta_{50}$,"yp_pct,xanthan_pct,log10_eta_50",break_strain,break_strain_pct,LAOS breaking strain,SVR_RBF,SVR-RBF,Internal balanced 5-fold CV,30,18.304317109806234,23.385873483398196,0.6356733759674831
laos,formulation_eta50,formulation + $\eta_{50}$,"yp_pct,xanthan_pct,log10_eta_50",break_strain,break_strain_pct,LAOS breaking strain,SVR_RBF,SVR-RBF,External validation,8,14.92871510419835,16.98807513284674,0.419214346001031
laos,formulation_eta50,formulation + $\eta_{50}$,"yp_pct,xanthan_pct,log10_eta_50",break_strain,break_strain_pct,LAOS breaking strain,Ridge,Ridge,Internal balanced 5-fold CV,30,11.721346907737278,14.119903025497972,0.8671849941089034
laos,formulation_eta50,formulation + $\eta_{50}$,"yp_pct,xanthan_pct,log10_eta_50",break_strain,break_strain_pct,LAOS breaking strain,Ridge,Ridge,External validation,8,19.254344395982507,21.377001764939294,0.0803530806859305
laos,formulation_eta50,formulation + $\eta_{50}$,"yp_pct,xanthan_pct,log10_eta_50",break_strain,break_strain_pct,LAOS breaking strain,XGBoost,XGBoost,Internal balanced 5-fold CV,30,8.985049003092449,11.015539704218474,0.9191657751251878
laos,formulation_eta50,formulation + $\eta_{50}$,"yp_pct,xanthan_pct,log10_eta_50",break_strain,break_strain_pct,LAOS breaking strain,XGBoost,XGBoost,External validation,8,27.620951051712037,33.73583328958114,-1.290395163482708
laos,formulation_eta50,formulation + $\eta_{50}$,"yp_pct,xanthan_pct,log10_eta_50",break_strain,break_strain_pct,LAOS breaking strain,ExtraTrees,Extra Trees,Internal balanced 5-fold CV,30,9.236761629118474,11.101361687033087,0.9179013109086293
laos,formulation_eta50,formulation + $\eta_{50}$,"yp_pct,xanthan_pct,log10_eta_50",break_strain,break_strain_pct,LAOS breaking strain,ExtraTrees,Extra Trees,External validation,8,19.768589461805597,21.931302541610865,0.032042283827732665
laos,formulation_eta50,formulation + $\eta_{50}$,"yp_pct,xanthan_pct,log10_eta_50",break_strain,break_strain_pct,LAOS breaking strain,RandomForest,Random forest,Internal balanced 5-fold CV,30,10.652613247574928,12.817653487433217,0.8905537788694153
laos,formulation_eta50,formulation + $\eta_{50}$,"yp_pct,xanthan_pct,log10_eta_50",break_strain,break_strain_pct,LAOS breaking strain,RandomForest,Random forest,External validation,8,27.467768516714816,32.65241387804439,-1.145646237856469
laos,formulation_eta50,formulation + $\eta_{50}$,"yp_pct,xanthan_pct,log10_eta_50",break_strain,break_strain_pct,LAOS breaking strain,GradientBoosting,Gradient boosting,Internal balanced 5-fold CV,30,10.594611610325497,12.884279876380104,0.8894130149231612
laos,formulation_eta50,formulation + $\eta_{50}$,"yp_pct,xanthan_pct,log10_eta_50",break_strain,break_strain_pct,LAOS breaking strain,GradientBoosting,Gradient boosting,External validation,8,27.64734435642595,34.426459083606396,-1.3851310485065036
laos,formulation_Gp1Hz_eta50,formulation + $G'$ 1 Hz + $\eta_{50}$,"yp_pct,xanthan_pct,log10_Gp_1Hz,log10_eta_50",break_stress,log10_break_stress_Pa,LAOS breaking stress,GPR_Matern_ARD,GPR-Matern-ARD,Internal balanced 5-fold CV,30,0.039353533209817354,0.0457567620525565,0.9930625758942895
laos,formulation_Gp1Hz_eta50,formulation + $G'$ 1 Hz + $\eta_{50}$,"yp_pct,xanthan_pct,log10_Gp_1Hz,log10_eta_50",break_stress,log10_break_stress_Pa,LAOS breaking stress,GPR_Matern_ARD,GPR-Matern-ARD,External validation,8,0.09660287069297008,0.16165751422723273,0.7872941479057451
laos,formulation_Gp1Hz_eta50,formulation + $G'$ 1 Hz + $\eta_{50}$,"yp_pct,xanthan_pct,log10_Gp_1Hz,log10_eta_50",break_stress,log10_break_stress_Pa,LAOS breaking stress,KernelRidge_RBF,KRR-RBF,Internal balanced 5-fold CV,30,0.0751089180260752,0.12500209537680412,0.9482247430963611
laos,formulation_Gp1Hz_eta50,formulation + $G'$ 1 Hz + $\eta_{50}$,"yp_pct,xanthan_pct,log10_Gp_1Hz,log10_eta_50",break_stress,log10_break_stress_Pa,LAOS breaking stress,KernelRidge_RBF,KRR-RBF,External validation,8,0.09116017247061656,0.17816254738828546,0.7416428571652048
laos,formulation_Gp1Hz_eta50,formulation + $G'$ 1 Hz + $\eta_{50}$,"yp_pct,xanthan_pct,log10_Gp_1Hz,log10_eta_50",break_stress,log10_break_stress_Pa,LAOS breaking stress,SVR_RBF,SVR-RBF,Internal balanced 5-fold CV,30,0.04379995573131111,0.05925283515540333,0.9883666191154343
laos,formulation_Gp1Hz_eta50,formulation + $G'$ 1 Hz + $\eta_{50}$,"yp_pct,xanthan_pct,log10_Gp_1Hz,log10_eta_50",break_stress,log10_break_stress_Pa,LAOS breaking stress,SVR_RBF,SVR-RBF,External validation,8,0.08290731249428646,0.1564797842758503,0.8007014572637218
laos,formulation_Gp1Hz_eta50,formulation + $G'$ 1 Hz + $\eta_{50}$,"yp_pct,xanthan_pct,log10_Gp_1Hz,log10_eta_50",break_stress,log10_break_stress_Pa,LAOS breaking stress,Ridge,Ridge,Internal balanced 5-fold CV,30,0.08920143371394158,0.12549922135238584,0.9478121099174103
laos,formulation_Gp1Hz_eta50,formulation + $G'$ 1 Hz + $\eta_{50}$,"yp_pct,xanthan_pct,log10_Gp_1Hz,log10_eta_50",break_stress,log10_break_stress_Pa,LAOS breaking stress,Ridge,Ridge,External validation,8,0.10127348590060722,0.15782343790719722,0.7972641068373361
laos,formulation_Gp1Hz_eta50,formulation + $G'$ 1 Hz + $\eta_{50}$,"yp_pct,xanthan_pct,log10_Gp_1Hz,log10_eta_50",break_stress,log10_break_stress_Pa,LAOS breaking stress,XGBoost,XGBoost,Internal balanced 5-fold CV,30,0.10641680514085103,0.1281896304490259,0.9455505537304568
laos,formulation_Gp1Hz_eta50,formulation + $G'$ 1 Hz + $\eta_{50}$,"yp_pct,xanthan_pct,log10_Gp_1Hz,log10_eta_50",break_stress,log10_break_stress_Pa,LAOS breaking stress,XGBoost,XGBoost,External validation,8,0.07505331799226908,0.09331179717601304,0.9291302739995764
laos,formulation_Gp1Hz_eta50,formulation + $G'$ 1 Hz + $\eta_{50}$,"yp_pct,xanthan_pct,log10_Gp_1Hz,log10_eta_50",break_stress,log10_break_stress_Pa,LAOS breaking stress,ExtraTrees,Extra Trees,Internal balanced 5-fold CV,30,0.08298862234710243,0.10481466939877288,0.963597449408523
laos,formulation_Gp1Hz_eta50,formulation + $G'$ 1 Hz + $\eta_{50}$,"yp_pct,xanthan_pct,log10_Gp_1Hz,log10_eta_50",break_stress,log10_break_stress_Pa,LAOS breaking stress,ExtraTrees,Extra Trees,External validation,8,0.08052893937055572,0.14966073786063436,0.8176929725625404
laos,formulation_Gp1Hz_eta50,formulation + $G'$ 1 Hz + $\eta_{50}$,"yp_pct,xanthan_pct,log10_Gp_1Hz,log10_eta_50",break_stress,log10_break_stress_Pa,LAOS breaking stress,RandomForest,Random forest,Internal balanced 5-fold CV,30,0.12187909779122456,0.14985113209391818,0.9255940385232372
laos,formulation_Gp1Hz_eta50,formulation + $G'$ 1 Hz + $\eta_{50}$,"yp_pct,xanthan_pct,log10_Gp_1Hz,log10_eta_50",break_stress,log10_break_stress_Pa,LAOS breaking stress,RandomForest,Random forest,External validation,8,0.08970104161504544,0.14695470822140655,0.8242259921119073
laos,formulation_Gp1Hz_eta50,formulation + $G'$ 1 Hz + $\eta_{50}$,"yp_pct,xanthan_pct,log10_Gp_1Hz,log10_eta_50",break_stress,log10_break_stress_Pa,LAOS breaking stress,GradientBoosting,Gradient boosting,Internal balanced 5-fold CV,30,0.07940804694384408,0.09774488619698403,0.9683425618507187
laos,formulation_Gp1Hz_eta50,formulation + $G'$ 1 Hz + $\eta_{50}$,"yp_pct,xanthan_pct,log10_Gp_1Hz,log10_eta_50",break_stress,log10_break_stress_Pa,LAOS breaking stress,GradientBoosting,Gradient boosting,External validation,8,0.08020790095695862,0.14292090139595787,0.8337433065323563
laos,formulation_Gp1Hz_eta50,formulation + $G'$ 1 Hz + $\eta_{50}$,"yp_pct,xanthan_pct,log10_Gp_1Hz,log10_eta_50",break_strain,break_strain_pct,LAOS breaking strain,GPR_Matern_ARD,GPR-Matern-ARD,Internal balanced 5-fold CV,30,10.060088119763517,11.50990537522742,0.9117474578417635
laos,formulation_Gp1Hz_eta50,formulation + $G'$ 1 Hz + $\eta_{50}$,"yp_pct,xanthan_pct,log10_Gp_1Hz,log10_eta_50",break_strain,break_strain_pct,LAOS breaking strain,GPR_Matern_ARD,GPR-Matern-ARD,External validation,8,15.212747617696351,17.18073676827704,0.40596627476435954
laos,formulation_Gp1Hz_eta50,formulation + $G'$ 1 Hz + $\eta_{50}$,"yp_pct,xanthan_pct,log10_Gp_1Hz,log10_eta_50",break_strain,break_strain_pct,LAOS breaking strain,KernelRidge_RBF,KRR-RBF,Internal balanced 5-fold CV,30,9.555798352776543,12.509595424199949,0.8957513963820873
laos,formulation_Gp1Hz_eta50,formulation + $G'$ 1 Hz + $\eta_{50}$,"yp_pct,xanthan_pct,log10_Gp_1Hz,log10_eta_50",break_strain,break_strain_pct,LAOS breaking strain,KernelRidge_RBF,KRR-RBF,External validation,8,19.0617337143174,21.2876335841328,0.08802631552072882
laos,formulation_Gp1Hz_eta50,formulation + $G'$ 1 Hz + $\eta_{50}$,"yp_pct,xanthan_pct,log10_Gp_1Hz,log10_eta_50",break_strain,break_strain_pct,LAOS breaking strain,SVR_RBF,SVR-RBF,Internal balanced 5-fold CV,30,18.072816768659262,23.47297151770928,0.632954535964486
laos,formulation_Gp1Hz_eta50,formulation + $G'$ 1 Hz + $\eta_{50}$,"yp_pct,xanthan_pct,log10_Gp_1Hz,log10_eta_50",break_strain,break_strain_pct,LAOS breaking strain,SVR_RBF,SVR-RBF,External validation,8,13.878945713322283,15.4863340497391,0.5173583686758331
laos,formulation_Gp1Hz_eta50,formulation + $G'$ 1 Hz + $\eta_{50}$,"yp_pct,xanthan_pct,log10_Gp_1Hz,log10_eta_50",break_strain,break_strain_pct,LAOS breaking strain,Ridge,Ridge,Internal balanced 5-fold CV,30,11.575568122025635,13.815558075458778,0.8728487648026075
laos,formulation_Gp1Hz_eta50,formulation + $G'$ 1 Hz + $\eta_{50}$,"yp_pct,xanthan_pct,log10_Gp_1Hz,log10_eta_50",break_strain,break_strain_pct,LAOS breaking strain,Ridge,Ridge,External validation,8,18.91635635525993,21.187220028665042,0.09660956567308188
laos,formulation_Gp1Hz_eta50,formulation + $G'$ 1 Hz + $\eta_{50}$,"yp_pct,xanthan_pct,log10_Gp_1Hz,log10_eta_50",break_strain,break_strain_pct,LAOS breaking strain,XGBoost,XGBoost,Internal balanced 5-fold CV,30,9.207349179077148,11.552577391394035,0.9110918669070163
laos,formulation_Gp1Hz_eta50,formulation + $G'$ 1 Hz + $\eta_{50}$,"yp_pct,xanthan_pct,log10_Gp_1Hz,log10_eta_50",break_strain,break_strain_pct,LAOS breaking strain,XGBoost,XGBoost,External validation,8,27.837138051986695,34.64229017089396,-1.4151311776533206
laos,formulation_Gp1Hz_eta50,formulation + $G'$ 1 Hz + $\eta_{50}$,"yp_pct,xanthan_pct,log10_Gp_1Hz,log10_eta_50",break_strain,break_strain_pct,LAOS breaking strain,ExtraTrees,Extra Trees,Internal balanced 5-fold CV,30,9.383896695999615,11.278914897058597,0.9152541661232693
laos,formulation_Gp1Hz_eta50,formulation + $G'$ 1 Hz + $\eta_{50}$,"yp_pct,xanthan_pct,log10_Gp_1Hz,log10_eta_50",break_strain,break_strain_pct,LAOS breaking strain,ExtraTrees,Extra Trees,External validation,8,19.044909534722194,21.375256585876638,0.08050323111897528
laos,formulation_Gp1Hz_eta50,formulation + $G'$ 1 Hz + $\eta_{50}$,"yp_pct,xanthan_pct,log10_Gp_1Hz,log10_eta_50",break_strain,break_strain_pct,LAOS breaking strain,RandomForest,Random forest,Internal balanced 5-fold CV,30,10.936065201507107,13.590007029215387,0.8769665844883012
laos,formulation_Gp1Hz_eta50,formulation + $G'$ 1 Hz + $\eta_{50}$,"yp_pct,xanthan_pct,log10_Gp_1Hz,log10_eta_50",break_strain,break_strain_pct,LAOS breaking strain,RandomForest,Random forest,External validation,8,27.287502301933067,32.440650779363665,-1.1179058495133916
laos,formulation_Gp1Hz_eta50,formulation + $G'$ 1 Hz + $\eta_{50}$,"yp_pct,xanthan_pct,log10_Gp_1Hz,log10_eta_50",break_strain,break_strain_pct,LAOS breaking strain,GradientBoosting,Gradient boosting,Internal balanced 5-fold CV,30,10.206414625649023,13.249503009179493,0.88305466721135
laos,formulation_Gp1Hz_eta50,formulation + $G'$ 1 Hz + $\eta_{50}$,"yp_pct,xanthan_pct,log10_Gp_1Hz,log10_eta_50",break_strain,break_strain_pct,LAOS breaking strain,GradientBoosting,Gradient boosting,External validation,8,27.70862240010007,34.695760636536924,-1.4225924540635515
laos,Gp1Hz_eta50,$G'$ 1 Hz + $\eta_{50}$,"log10_Gp_1Hz,log10_eta_50",break_stress,log10_break_stress_Pa,LAOS breaking stress,GPR_Matern_ARD,GPR-Matern-ARD,Internal balanced 5-fold CV,30,0.12946514771611967,0.16025689454163733,0.9149016534485052
laos,Gp1Hz_eta50,$G'$ 1 Hz + $\eta_{50}$,"log10_Gp_1Hz,log10_eta_50",break_stress,log10_break_stress_Pa,LAOS breaking stress,GPR_Matern_ARD,GPR-Matern-ARD,External validation,8,0.09911305022551684,0.16277992531634503,0.7843302000440864
laos,Gp1Hz_eta50,$G'$ 1 Hz + $\eta_{50}$,"log10_Gp_1Hz,log10_eta_50",break_stress,log10_break_stress_Pa,LAOS breaking stress,KernelRidge_RBF,KRR-RBF,Internal balanced 5-fold CV,30,0.14426689455928104,0.1742492272836693,0.8993927221936023
laos,Gp1Hz_eta50,$G'$ 1 Hz + $\eta_{50}$,"log10_Gp_1Hz,log10_eta_50",break_stress,log10_break_stress_Pa,LAOS breaking stress,KernelRidge_RBF,KRR-RBF,External validation,8,0.1180954764098559,0.2016979977774038,0.6688758779174317
laos,Gp1Hz_eta50,$G'$ 1 Hz + $\eta_{50}$,"log10_Gp_1Hz,log10_eta_50",break_stress,log10_break_stress_Pa,LAOS breaking stress,SVR_RBF,SVR-RBF,Internal balanced 5-fold CV,30,0.135296630200796,0.17926387644578573,0.8935187248338516
laos,Gp1Hz_eta50,$G'$ 1 Hz + $\eta_{50}$,"log10_Gp_1Hz,log10_eta_50",break_stress,log10_break_stress_Pa,LAOS breaking stress,SVR_RBF,SVR-RBF,External validation,8,0.12034642116018346,0.15977709975053778,0.7922137941374765
laos,Gp1Hz_eta50,$G'$ 1 Hz + $\eta_{50}$,"log10_Gp_1Hz,log10_eta_50",break_stress,log10_break_stress_Pa,LAOS breaking stress,Ridge,Ridge,Internal balanced 5-fold CV,30,0.14435457145040712,0.16688601326228264,0.9077157565317604
laos,Gp1Hz_eta50,$G'$ 1 Hz + $\eta_{50}$,"log10_Gp_1Hz,log10_eta_50",break_stress,log10_break_stress_Pa,LAOS breaking stress,Ridge,Ridge,External validation,8,0.10468683716777108,0.149678740764499,0.8176491099792428
laos,Gp1Hz_eta50,$G'$ 1 Hz + $\eta_{50}$,"log10_Gp_1Hz,log10_eta_50",break_stress,log10_break_stress_Pa,LAOS breaking stress,XGBoost,XGBoost,Internal balanced 5-fold CV,30,0.1940431151155562,0.24567258358864666,0.8000133237394049
laos,Gp1Hz_eta50,$G'$ 1 Hz + $\eta_{50}$,"log10_Gp_1Hz,log10_eta_50",break_stress,log10_break_stress_Pa,LAOS breaking stress,XGBoost,XGBoost,External validation,8,0.10090309845088871,0.13146143181222172,0.8593355469389641
laos,Gp1Hz_eta50,$G'$ 1 Hz + $\eta_{50}$,"log10_Gp_1Hz,log10_eta_50",break_stress,log10_break_stress_Pa,LAOS breaking stress,ExtraTrees,Extra Trees,Internal balanced 5-fold CV,30,0.14924652734750418,0.17638306605386064,0.8969135814072584
laos,Gp1Hz_eta50,$G'$ 1 Hz + $\eta_{50}$,"log10_Gp_1Hz,log10_eta_50",break_stress,log10_break_stress_Pa,LAOS breaking stress,ExtraTrees,Extra Trees,External validation,8,0.09812583224492114,0.16604089445085926,0.7756026239985458
laos,Gp1Hz_eta50,$G'$ 1 Hz + $\eta_{50}$,"log10_Gp_1Hz,log10_eta_50",break_stress,log10_break_stress_Pa,LAOS breaking stress,RandomForest,Random forest,Internal balanced 5-fold CV,30,0.15388394156039992,0.18493389360814871,0.886676311076664
laos,Gp1Hz_eta50,$G'$ 1 Hz + $\eta_{50}$,"log10_Gp_1Hz,log10_eta_50",break_stress,log10_break_stress_Pa,LAOS breaking stress,RandomForest,Random forest,External validation,8,0.1330288232176895,0.21139980711258355,0.6362551785083634
laos,Gp1Hz_eta50,$G'$ 1 Hz + $\eta_{50}$,"log10_Gp_1Hz,log10_eta_50",break_stress,log10_break_stress_Pa,LAOS breaking stress,GradientBoosting,Gradient boosting,Internal balanced 5-fold CV,30,0.1580824734800977,0.18994818244430725,0.8804476930319824
laos,Gp1Hz_eta50,$G'$ 1 Hz + $\eta_{50}$,"log10_Gp_1Hz,log10_eta_50",break_stress,log10_break_stress_Pa,LAOS breaking stress,GradientBoosting,Gradient boosting,External validation,8,0.1811804287956631,0.2550915036268002,0.47036139478551464
laos,Gp1Hz_eta50,$G'$ 1 Hz + $\eta_{50}$,"log10_Gp_1Hz,log10_eta_50",break_strain,break_strain_pct,LAOS breaking strain,GPR_Matern_ARD,GPR-Matern-ARD,Internal balanced 5-fold CV,30,21.444096642124347,26.48831507062916,0.5325960427689479
laos,Gp1Hz_eta50,$G'$ 1 Hz + $\eta_{50}$,"log10_Gp_1Hz,log10_eta_50",break_strain,break_strain_pct,LAOS breaking strain,GPR_Matern_ARD,GPR-Matern-ARD,External validation,8,12.800602952284093,15.652773717671895,0.5069282190334264
laos,Gp1Hz_eta50,$G'$ 1 Hz + $\eta_{50}$,"log10_Gp_1Hz,log10_eta_50",break_strain,break_strain_pct,LAOS breaking strain,KernelRidge_RBF,KRR-RBF,Internal balanced 5-fold CV,30,20.527804178744095,25.99312025280304,0.549908771057572
laos,Gp1Hz_eta50,$G'$ 1 Hz + $\eta_{50}$,"log10_Gp_1Hz,log10_eta_50",break_strain,break_strain_pct,LAOS breaking strain,KernelRidge_RBF,KRR-RBF,External validation,8,13.451626780076634,16.69869470357136,0.43883240607026996
laos,Gp1Hz_eta50,$G'$ 1 Hz + $\eta_{50}$,"log10_Gp_1Hz,log10_eta_50",break_strain,break_strain_pct,LAOS breaking strain,SVR_RBF,SVR-RBF,Internal balanced 5-fold CV,30,22.53146504465201,30.029541684563604,0.39926750331045324
laos,Gp1Hz_eta50,$G'$ 1 Hz + $\eta_{50}$,"log10_Gp_1Hz,log10_eta_50",break_strain,break_strain_pct,LAOS breaking strain,SVR_RBF,SVR-RBF,External validation,8,14.350143290086546,15.737360243757447,0.5015847672805678
laos,Gp1Hz_eta50,$G'$ 1 Hz + $\eta_{50}$,"log10_Gp_1Hz,log10_eta_50",break_strain,break_strain_pct,LAOS breaking strain,Ridge,Ridge,Internal balanced 5-fold CV,30,21.482341839439258,25.93043021302193,0.5520772072363893
laos,Gp1Hz_eta50,$G'$ 1 Hz + $\eta_{50}$,"log10_Gp_1Hz,log10_eta_50",break_strain,break_strain_pct,LAOS breaking strain,Ridge,Ridge,External validation,8,13.628458411941708,16.21061769483375,0.47115712020223555
laos,Gp1Hz_eta50,$G'$ 1 Hz + $\eta_{50}$,"log10_Gp_1Hz,log10_eta_50",break_strain,break_strain_pct,LAOS breaking strain,XGBoost,XGBoost,Internal balanced 5-fold CV,30,22.80453776855469,28.912981000612252,0.44310994859564423
laos,Gp1Hz_eta50,$G'$ 1 Hz + $\eta_{50}$,"log10_Gp_1Hz,log10_eta_50",break_strain,break_strain_pct,LAOS breaking strain,XGBoost,XGBoost,External validation,8,18.496232551574707,23.395296032920175,-0.10150031073999966
laos,Gp1Hz_eta50,$G'$ 1 Hz + $\eta_{50}$,"log10_Gp_1Hz,log10_eta_50",break_strain,break_strain_pct,LAOS breaking strain,ExtraTrees,Extra Trees,Internal balanced 5-fold CV,30,22.316941622646663,26.761196548754803,0.5229160862690758
laos,Gp1Hz_eta50,$G'$ 1 Hz + $\eta_{50}$,"log10_Gp_1Hz,log10_eta_50",break_strain,break_strain_pct,LAOS breaking strain,ExtraTrees,Extra Trees,External validation,8,13.48180991978082,16.999707294050758,0.41841871668697395
laos,Gp1Hz_eta50,$G'$ 1 Hz + $\eta_{50}$,"log10_Gp_1Hz,log10_eta_50",break_strain,break_strain_pct,LAOS breaking strain,RandomForest,Random forest,Internal balanced 5-fold CV,30,23.326696747156085,28.216895939264145,0.46960161758145924
laos,Gp1Hz_eta50,$G'$ 1 Hz + $\eta_{50}$,"log10_Gp_1Hz,log10_eta_50",break_strain,break_strain_pct,LAOS breaking strain,RandomForest,Random forest,External validation,8,14.56403287899081,18.829990583907705,0.2864445297754079
laos,Gp1Hz_eta50,$G'$ 1 Hz + $\eta_{50}$,"log10_Gp_1Hz,log10_eta_50",break_strain,break_strain_pct,LAOS breaking strain,GradientBoosting,Gradient boosting,Internal balanced 5-fold CV,30,22.819809942555157,29.979190062768467,0.40128035431914355
laos,Gp1Hz_eta50,$G'$ 1 Hz + $\eta_{50}$,"log10_Gp_1Hz,log10_eta_50",break_strain,break_strain_pct,LAOS breaking strain,GradientBoosting,Gradient boosting,External validation,8,18.343270167072006,23.72513121715911,-0.13277793331335186
